﻿{
    "indoorId":"110002",
    "arroundList":[
        {
            "id" : 1,
            "name":"【三元桥】地铁站A口",
            "desc":"【1、】西南侧一角，2路、13路、88路西南侧一角\n【2、】2路、13路、88路西南侧一角，2路、13路、88路西南\n【3、】侧一角2路、13路、88路西南侧一角，2路、13路、88路",
            "address":"正门直行50米右转",
            "x":99.2298,
            "y":187.1295,
            "relatedGateId":"10000027",
            "typeCode" : 1001
        },
        {
            "id" : 2,
            "name":"【三元桥】公交站",
            "desc":"西南侧",
            "address":"正门直行50米右转",
            "x":151.43797,
            "y":68.0831,
            "relatedGateId":"10000029",
            "typeCode" : 1002
        },
        {
            "id" : 3,
            "name":"宜必思酒店",
            "desc":"西南侧一角，2路、13路、88路西南侧一角，2路、13路、88路西南侧一角，2路、13路、88路西南侧一角，2路、13路、88路西南侧一角，2路、13路、88路西南侧一角，2路、13路、88路西南侧一角，2路、13路、88路西南侧",
            "address":"正门直行50米右转",
            "x":33.520275,
            "y":6.3808288,
            "relatedGateId":"10000031",
            "typeCode" : 1003
        }
    ]
}